Datetime,Water Level (m)
2026-09-26 06:00:00,1.7839525
2026-09-26 07:00:00,1.5156928
2026-09-26 08:00:00,0.9048501
2026-09-26 09:00:00,0.25903317
2026-09-26 10:00:00,-0.3138972
2026-09-26 11:00:00,-0.75381625
2026-09-26 12:00:00,-1.068842
2026-09-26 13:00:00,-1.1090472
2026-09-26 14:00:00,-0.5104837
2026-09-26 15:00:00,0.39191106
2026-09-26 16:00:00,1.1971176
2026-09-26 17:00:00,1.6800461
2026-09-26 18:00:00,1.8598748
2026-09-26 19:00:00,1.6711006
2026-09-26 20:00:00,1.0898124
2026-09-26 21:00:00,0.4154083
2026-09-26 22:00:00,-0.18979783
2026-09-26 23:00:00,-0.67576975
2026-09-27 00:00:00,-1.0350976
2026-09-27 01:00:00,-1.1701761
2026-09-27 02:00:00,-0.72342515
2026-09-27 03:00:00,0.1606252
2026-09-27 04:00:00,1.0208488
2026-09-27 05:00:00,1.6078674
2026-09-27 06:00:00,1.8520567
2026-09-27 07:00:00,1.7672731
2026-09-27 08:00:00,1.2373074
2026-09-27 09:00:00,0.5461139
2026-09-27 10:00:00,-0.104377545
2026-09-27 11:00:00,-0.6282601
2026-09-27 12:00:00,-1.0397362
2026-09-27 13:00:00,-1.2596811
2026-09-27 14:00:00,-0.9957917
2026-09-27 15:00:00,-0.13838136
2026-09-27 16:00:00,0.7943829
2026-09-27 17:00:00,1.5242698
2026-09-27 18:00:00,1.8656844
2026-09-27 19:00:00,1.9132291
2026-09-27 20:00:00,1.5464869
2026-09-27 21:00:00,0.87120783
2026-09-27 22:00:00,0.21546714
2026-09-27 23:00:00,-0.37997472
2026-09-28 00:00:00,-0.84588873
2026-09-28 01:00:00,-1.1524723
2026-09-28 02:00:00,-1.1349177
2026-09-28 03:00:00,-0.41542652
2026-09-28 04:00:00,0.5219644
2026-09-28 05:00:00,1.305635
2026-09-28 06:00:00,1.7449704
2026-09-28 07:00:00,1.8672893
2026-09-28 08:00:00,1.561692
2026-09-28 09:00:00,0.89785993
2026-09-28 10:00:00,0.21325895
2026-09-28 11:00:00,-0.37218943
2026-09-28 12:00:00,-0.84936017
2026-09-28 13:00:00,-1.1873492
2026-09-28 14:00:00,-1.268971
2026-09-28 15:00:00,-0.67646456
2026-09-28 16:00:00,0.27583945
2026-09-28 17:00:00,1.14196
2026-09-28 18:00:00,1.691717
2026-09-28 19:00:00,1.9416682
2026-09-28 20:00:00,1.818174
2026-09-28 21:00:00,1.2621758
2026-09-28 22:00:00,0.57282865
2026-09-28 23:00:00,-0.06530208
2026-09-29 00:00:00,-0.57018065
2026-09-29 01:00:00,-0.9830538
2026-09-29 02:00:00,-1.1957515
2026-09-29 03:00:00,-0.93633765
2026-09-29 04:00:00,-0.08865118
2026-09-29 05:00:00,0.8175425
2026-09-29 06:00:00,1.4931445
2026-09-29 07:00:00,1.7687583
2026-09-29 08:00:00,1.7260984
2026-09-29 09:00:00,1.219471
2026-09-29 10:00:00,0.5278209
2026-09-29 11:00:00,-0.11130999
2026-09-29 12:00:00,-0.62339514
2026-09-29 13:00:00,-1.04669
2026-09-29 14:00:00,-1.2825189
2026-09-29 15:00:00,-1.1023235
2026-09-29 16:00:00,-0.30334446
2026-09-29 17:00:00,0.6117941
2026-09-29 18:00:00,1.3683805
2026-09-29 19:00:00,1.7925574
2026-09-29 20:00:00,1.9302223
2026-09-29 21:00:00,1.6654863
2026-09-29 22:00:00,1.0333586
2026-09-29 23:00:00,0.35489938
2026-09-30 00:00:00,-0.22814327
2026-09-30 01:00:00,-0.67840475
2026-09-30 02:00:00,-1.0314362
2026-09-30 03:00:00,-1.0997047
2026-09-30 04:00:00,-0.5433046
2026-09-30 05:00:00,0.32905176
2026-09-30 06:00:00,1.0915421
2026-09-30 07:00:00,1.5632527
2026-09-30 08:00:00,1.7141991
2026-09-30 09:00:00,1.4750488
2026-09-30 10:00:00,0.8797935
2026-09-30 11:00:00,0.22134717
2026-09-30 12:00:00,-0.32476854
2026-09-30 13:00:00,-0.7642507
2026-09-30 14:00:00,-1.1125093
2026-09-30 15:00:00,-1.2077298
2026-09-30 16:00:00,-0.7413277
2026-09-30 17:00:00,0.11999468
2026-09-30 18:00:00,0.94702345
2026-09-30 19:00:00,1.5584061
2026-09-30 20:00:00,1.8245009
2026-09-30 21:00:00,1.81909
2026-09-30 22:00:00,1.4069746
2026-09-30 23:00:00,0.77366525
2026-10-01 00:00:00,0.16497196
2026-10-01 01:00:00,-0.31192064
2026-10-01 02:00:00,-0.72377425
2026-10-01 03:00:00,-0.97852284
2026-10-01 04:00:00,-0.85562366
2026-10-01 05:00:00,-0.18373998
2026-10-01 06:00:00,0.61778325
2026-10-01 07:00:00,1.2397084
2026-10-01 08:00:00,1.5402449
2026-10-01 09:00:00,1.5522759
2026-10-01 10:00:00,1.153305
2026-10-01 11:00:00,0.55410975
2026-10-01 12:00:00,-0.028120266
2026-10-01 13:00:00,-0.49735335
2026-10-01 14:00:00,-0.877065
2026-10-01 15:00:00,-1.0988588
2026-10-01 16:00:00,-1.0198022
2026-10-01 17:00:00,-0.3935562
2026-10-01 18:00:00,0.4152696
2026-10-01 19:00:00,1.1005247
2026-10-01 20:00:00,1.5288568
2026-10-01 21:00:00,1.7047116
2026-10-01 22:00:00,1.5620602
2026-10-01 23:00:00,1.0944885
2026-10-02 00:00:00,0.5108786
2026-10-02 01:00:00,-0.004623267
2026-10-02 02:00:00,-0.37813237
2026-10-02 03:00:00,-0.726781
2026-10-02 04:00:00,-0.86261415
2026-10-02 05:00:00,-0.6147004
2026-10-02 06:00:00,0.024304904
